[
  {
    "id": 1,
    "userId": 7299507029,
    "username": "KenzDeveloper",
    "jumlah": 1000,
    "nomor": "629599",
    "status": "pending",
    "tanggal": "2/9/2025, 11:01:13 AM"
  },
  {
    "id": 2,
    "userId": 7299507029,
    "username": "KenzDeveloper",
    "jumlah": 1000,
    "nomor": "629599",
    "status": "pending",
    "tanggal": "2/9/2025, 11:02:36 AM"
  },
  {
    "id": 3,
    "userId": 7299507029,
    "username": "KenzDeveloper",
    "jumlah": 1000,
    "nomor": "6283",
    "status": "pending",
    "tanggal": "2/9/2025, 2:37:43 PM"
  },
  {
    "id": 4,
    "userId": 7299507029,
    "username": "KenzDeveloper",
    "jumlah": 2000,
    "nomor": "628848",
    "status": "Rejected"
  },
  {
    "id": 5,
    "userId": 7029269192,
    "username": "Alzzoffc1",
    "jumlah": 2000,
    "nomor": "62828",
    "status": "Rejected"
  },
  {
    "id": 6,
    "userId": 7029269192,
    "username": "Alzzoffc1",
    "jumlah": 2000,
    "nomor": "6294984",
    "status": "Confirmed"
  },
  {
    "id": 7,
    "userId": 7299507029,
    "username": "KenzDeveloper",
    "jumlah": 2000,
    "nomor": "628848",
    "status": "Confirmed"
  }
]