[
  {
    "idTransaksi": 8199649403278,
    "idGlobal": 385552459,
    "userId": 7299507029,
    "username": "KenzDeveloper",
    "nomor": "085934686607",
    "kodeProduk": "D25",
    "harga": 25090,
    "keterangan": "Dana 25.000",
    "jamOrder": "09.17",
    "tanggalOrder": "9/2/2025",
    "status": "PENDING"
  },
  {
    "idTransaksi": 9310318390228,
    "idGlobal": 505248393,
    "userId": 7299507029,
    "username": "KenzDeveloper",
    "nomor": "085934686607",
    "kodeProduk": "D20",
    "harga": 20090,
    "keterangan": "Dana 20.000",
    "jamOrder": "09.18",
    "tanggalOrder": "9/2/2025",
    "status": "DONE"
  },
  {
    "idTransaksi": 7540919882157,
    "idGlobal": 325145791,
    "userId": 7299507029,
    "username": "KenzDeveloper",
    "nomor": "000",
    "kodeProduk": "D20",
    "harga": 20090,
    "keterangan": "Dana 20.000",
    "jamOrder": "10.08",
    "tanggalOrder": "9/2/2025",
    "status": "DONE"
  },
  {
    "idTransaksi": 3609957293474,
    "idGlobal": 630469151,
    "userId": 7299507029,
    "username": "KenzDeveloper",
    "nomor": "085934686607",
    "kodeProduk": "D20",
    "harga": 20090,
    "keterangan": "Dana 20.000",
    "jamOrder": "14.32",
    "tanggalOrder": "9/2/2025",
    "status": "PENDING"
  }
]